module,class_name,operation_name,operation_value,base_kind,input_count,output_count,input_data_types,output_data_types,signature_inputs,signature_outputs
Base,AbsNodeViewModel,Abs,2324,OneOutputNodeViewModel,1,1,Dynamic,Dynamic,"[{""name"": ""input"", ""gate_class"": ""GateDynamicTypeData"", ""data_type"": ""Dynamic""}]","[{""name"": ""output"", ""gate_class"": ""GateDynamicTypeData"", ""data_type"": ""Dynamic""}]"
Memory,AccumulateNodeViewModel,Accumulate,4100,OneOutputNodeViewModel,2,1,Number|Number,Number,"[{""name"": ""input"", ""gate_class"": ""GateNumberData"", ""data_type"": ""Number""}, {""name"": ""reset"", ""gate_class"": ""GateNumberData"", ""data_type"": ""Number""}]","[{""name"": ""output"", ""gate_class"": ""GateNumberData"", ""data_type"": ""Number""}]"
Trigonometry,AcosNodeViewModel,Acos,2052,OneOutputNodeViewModel,1,1,Number,Number,"[{""name"": ""input"", ""gate_class"": ""GateNumberData"", ""data_type"": ""Number""}]","[{""name"": ""output"", ""gate_class"": ""GateNumberData"", ""data_type"": ""Number""}]"
Base,ActivateEntityNodeViewModel,Activate,1562,OneOutputNodeViewModel,2,1,Entity|Number,Number,"[{""name"": ""input1"", ""gate_class"": ""GateEntityData"", ""data_type"": ""Entity""}, {""name"": ""input2"", ""gate_class"": ""GateNumberData"", ""data_type"": ""Number""}]","[{""name"": ""output"", ""gate_class"": ""GateNumberData"", ""data_type"": ""Number""}]"
Base,AddAngularForceEntityNodeViewModel,AddAngularForce,1545,NoOutputsNodeViewModel,2,0,Entity|Number,,"[{""name"": ""input1"", ""gate_class"": ""GateEntityData"", ""data_type"": ""Entity""}, {""name"": ""input2"", ""gate_class"": ""GateNumberData"", ""data_type"": ""Number""}]",[]
Base,AddForceEntityNodeViewModel,AddForce,1542,NoOutputsNodeViewModel,2,0,Entity|Vector,,"[{""name"": ""input1"", ""gate_class"": ""GateEntityData"", ""data_type"": ""Entity""}, {""name"": ""input2"", ""gate_class"": ""GateVectorData"", ""data_type"": ""Vector""}]",[]
Base,AddNumbersNodeViewModel,Add,2304,OneOutputNodeViewModel,2,1,Dynamic|Dynamic,Dynamic,"[{""name"": ""input1"", ""gate_class"": ""GateDynamicTypeData"", ""data_type"": ""Dynamic""}, {""name"": ""input2"", ""gate_class"": ""GateDynamicTypeData"", ""data_type"": ""Dynamic""}]","[{""name"": ""output"", ""gate_class"": ""GateDynamicTypeData"", ""data_type"": ""Dynamic""}]"
Base,AddOffsetForceEntityNodeViewModel,AddForceAtPosition,1546,NoOutputsNodeViewModel,3,0,Entity|Vector|Vector,,"[{""name"": ""input1"", ""gate_class"": ""GateEntityData"", ""data_type"": ""Entity""}, {""name"": ""input2"", ""gate_class"": ""GateVectorData"", ""data_type"": ""Vector""}, {""name"": ""input3"", ""gate_class"": ""GateVectorData"", ""data_type"": ""Vector""}]",[]
Base,AndNodeViewModel,And,2560,OneOutputNodeViewModel,2,1,Number|Number,Number,"[{""name"": ""input1"", ""gate_class"": ""GateNumberData"", ""data_type"": ""Number""}, {""name"": ""input2"", ""gate_class"": ""GateNumberData"", ""data_type"": ""Number""}]","[{""name"": ""output"", ""gate_class"": ""GateNumberData"", ""data_type"": ""Number""}]"
Base,AngleEntityNodeViewModel,EntityAngle,1540,OneOutputNodeViewModel,2,1,Entity|Number,Number,"[{""name"": ""input1"", ""gate_class"": ""GateEntityData"", ""data_type"": ""Entity""}, {""name"": ""input2"", ""gate_class"": ""GateNumberData"", ""data_type"": ""Number""}]","[{""name"": ""output"", ""gate_class"": ""GateNumberData"", ""data_type"": ""Number""}]"
Base,AngularVelocityEntityNodeViewModel,AngularVelocity,1539,OneOutputNodeViewModel,2,1,Entity|Number,Number,"[{""name"": ""input1"", ""gate_class"": ""GateEntityData"", ""data_type"": ""Entity""}, {""name"": ""input2"", ""gate_class"": ""GateNumberData"", ""data_type"": ""Number""}]","[{""name"": ""output"", ""gate_class"": ""GateNumberData"", ""data_type"": ""Number""}]"
Trigonometry,ArcCTanNodeViewModel,Actan,2056,OneOutputNodeViewModel,1,1,Number,Number,"[{""name"": ""input"", ""gate_class"": ""GateNumberData"", ""data_type"": ""Number""}]","[{""name"": ""output"", ""gate_class"": ""GateNumberData"", ""data_type"": ""Number""}]"
Arrays,ArraysAddNodeViewModel,ArraysAdd,3803,TwoOutputNodeViewModel,4,2,Dynamic|Dynamic|IntegerNumber|IntegerNumber,Dynamic|IntegerNumber,"[{""name"": ""input1"", ""gate_class"": ""GateDynamicTypeData"", ""data_type"": ""Dynamic""}, {""name"": ""input2"", ""gate_class"": ""GateDynamicTypeData"", ""data_type"": ""Dynamic""}, {""name"": ""input3"", ""gate_class"": ""GateIntegerNumberData"", ""data_type"": ""IntegerNumber""}, {""name"": ""input4"", ""gate_class"": ""GateIntegerNumberData"", ""data_type"": ""IntegerNumber""}]","[{""name"": ""output1"", ""gate_class"": ""GateDynamicTypeData"", ""data_type"": ""Dynamic""}, {""name"": ""output2"", ""gate_class"": ""GateIntegerNumberData"", ""data_type"": ""IntegerNumber""}]"
Arrays,ArraysClearNodeViewModel,ArraysClear,3808,OneOutputNodeViewModel,2,1,Dynamic|IntegerNumber,Dynamic,"[{""name"": ""input1"", ""gate_class"": ""GateDynamicTypeData"", ""data_type"": ""Dynamic""}, {""name"": ""input2"", ""gate_class"": ""GateIntegerNumberData"", ""data_type"": ""IntegerNumber""}]","[{""name"": ""output"", ""gate_class"": ""GateDynamicTypeData"", ""data_type"": ""Dynamic""}]"
Arrays,ArraysFindNodeViewModel,ArraysFind,3807,OneOutputNodeViewModel,4,1,Dynamic|Dynamic|IntegerNumber|IntegerNumber,IntegerNumber,"[{""name"": ""input1"", ""gate_class"": ""GateDynamicTypeData"", ""data_type"": ""Dynamic""}, {""name"": ""input2"", ""gate_class"": ""GateDynamicTypeData"", ""data_type"": ""Dynamic""}, {""name"": ""input3"", ""gate_class"": ""GateIntegerNumberData"", ""data_type"": ""IntegerNumber""}, {""name"": ""input4"", ""gate_class"": ""GateIntegerNumberData"", ""data_type"": ""IntegerNumber""}]","[{""name"": ""output"", ""gate_class"": ""GateIntegerNumberData"", ""data_type"": ""IntegerNumber""}]"
Arrays,ArraysGetNodeViewModel,ArraysGet,3801,TwoOutputNodeViewModel,2,2,Dynamic|IntegerNumber,Dynamic|IntegerNumber,"[{""name"": ""input1"", ""gate_class"": ""GateDynamicTypeData"", ""data_type"": ""Dynamic""}, {""name"": ""input2"", ""gate_class"": ""GateIntegerNumberData"", ""data_type"": ""IntegerNumber""}]","[{""name"": ""output1"", ""gate_class"": ""GateDynamicTypeData"", ""data_type"": ""Dynamic""}, {""name"": ""output2"", ""gate_class"": ""GateIntegerNumberData"", ""data_type"": ""IntegerNumber""}]"
Arrays,ArraysLengthNodeViewModel,ArraysLength,3804,OneOutputNodeViewModel,1,1,Dynamic,IntegerNumber,"[{""name"": ""input"", ""gate_class"": ""GateDynamicTypeData"", ""data_type"": ""Dynamic""}]","[{""name"": ""output"", ""gate_class"": ""GateIntegerNumberData"", ""data_type"": ""IntegerNumber""}]"
Arrays,ArraysRemoveAllByValueNodeViewModel,ArraysRemoveAllByValue,3805,OneOutputNodeViewModel,3,1,Dynamic|Dynamic|IntegerNumber,Dynamic,"[{""name"": ""input1"", ""gate_class"": ""GateDynamicTypeData"", ""data_type"": ""Dynamic""}, {""name"": ""input2"", ""gate_class"": ""GateDynamicTypeData"", ""data_type"": ""Dynamic""}, {""name"": ""input3"", ""gate_class"": ""GateIntegerNumberData"", ""data_type"": ""IntegerNumber""}]","[{""name"": ""output"", ""gate_class"": ""GateDynamicTypeData"", ""data_type"": ""Dynamic""}]"
Arrays,ArraysRemoveByIndexNodeViewModel,ArraysRemoveByIndex,3806,OneOutputNodeViewModel,3,1,Dynamic|IntegerNumber|IntegerNumber,Dynamic,"[{""name"": ""input1"", ""gate_class"": ""GateDynamicTypeData"", ""data_type"": ""Dynamic""}, {""name"": ""input2"", ""gate_class"": ""GateIntegerNumberData"", ""data_type"": ""IntegerNumber""}, {""name"": ""input3"", ""gate_class"": ""GateIntegerNumberData"", ""data_type"": ""IntegerNumber""}]","[{""name"": ""output"", ""gate_class"": ""GateDynamicTypeData"", ""data_type"": ""Dynamic""}]"
Arrays,ArraysSetNodeViewModel,ArraysSet,3802,OneOutputNodeViewModel,4,1,Dynamic|IntegerNumber|Dynamic|IntegerNumber,Dynamic,"[{""name"": ""input1"", ""gate_class"": ""GateDynamicTypeData"", ""data_type"": ""Dynamic""}, {""name"": ""input2"", ""gate_class"": ""GateIntegerNumberData"", ""data_type"": ""IntegerNumber""}, {""name"": ""input3"", ""gate_class"": ""GateDynamicTypeData"", ""data_type"": ""Dynamic""}, {""name"": ""input4"", ""gate_class"": ""GateIntegerNumberData"", ""data_type"": ""IntegerNumber""}]","[{""name"": ""output"", ""gate_class"": ""GateDynamicTypeData"", ""data_type"": ""Dynamic""}]"
Trigonometry,AsinNodeViewModel,Asin,2051,OneOutputNodeViewModel,1,1,Number,Number,"[{""name"": ""input"", ""gate_class"": ""GateNumberData"", ""data_type"": ""Number""}]","[{""name"": ""output"", ""gate_class"": ""GateNumberData"", ""data_type"": ""Number""}]"
Trigonometry,AtanNodeViewModel,Atan,2054,OneOutputNodeViewModel,1,1,Number,Number,"[{""name"": ""input"", ""gate_class"": ""GateNumberData"", ""data_type"": ""Number""}]","[{""name"": ""output"", ""gate_class"": ""GateNumberData"", ""data_type"": ""Number""}]"
Base,AverageNumberNodeViewModel,Average,2309,OneOutputNodeViewModel,2,1,Number|Number,Number,"[{""name"": ""input1"", ""gate_class"": ""GateNumberData"", ""data_type"": ""Number""}, {""name"": ""input2"", ""gate_class"": ""GateNumberData"", ""data_type"": ""Number""}]","[{""name"": ""output"", ""gate_class"": ""GateNumberData"", ""data_type"": ""Number""}]"
Base,BitAndNodeViewModel,BitAnd,3073,OneOutputNodeViewModel,2,1,Number|Number,Number,"[{""name"": ""input1"", ""gate_class"": ""GateNumberData"", ""data_type"": ""Number""}, {""name"": ""input2"", ""gate_class"": ""GateNumberData"", ""data_type"": ""Number""}]","[{""name"": ""output"", ""gate_class"": ""GateNumberData"", ""data_type"": ""Number""}]"
Base,BitNotNodeViewModel,BitNot,3074,OneOutputNodeViewModel,1,1,Number,Number,"[{""name"": ""input"", ""gate_class"": ""GateNumberData"", ""data_type"": ""Number""}]","[{""name"": ""output"", ""gate_class"": ""GateNumberData"", ""data_type"": ""Number""}]"
Base,BitOrNodeViewModel,BitOr,3075,OneOutputNodeViewModel,2,1,Number|Number,Number,"[{""name"": ""input1"", ""gate_class"": ""GateNumberData"", ""data_type"": ""Number""}, {""name"": ""input2"", ""gate_class"": ""GateNumberData"", ""data_type"": ""Number""}]","[{""name"": ""output"", ""gate_class"": ""GateNumberData"", ""data_type"": ""Number""}]"
Base,BitShiftLeftNodeViewModel,BitShiftLeft,3077,OneOutputNodeViewModel,2,1,Number|Number,Number,"[{""name"": ""input1"", ""gate_class"": ""GateNumberData"", ""data_type"": ""Number""}, {""name"": ""input2"", ""gate_class"": ""GateNumberData"", ""data_type"": ""Number""}]","[{""name"": ""output"", ""gate_class"": ""GateNumberData"", ""data_type"": ""Number""}]"
Base,BitShiftRightNodeViewModel,BitShiftRight,3078,OneOutputNodeViewModel,2,1,Number|Number,Number,"[{""name"": ""input1"", ""gate_class"": ""GateNumberData"", ""data_type"": ""Number""}, {""name"": ""input2"", ""gate_class"": ""GateNumberData"", ""data_type"": ""Number""}]","[{""name"": ""output"", ""gate_class"": ""GateNumberData"", ""data_type"": ""Number""}]"
Base,BitXorNodeViewModel,BitXor,3076,OneOutputNodeViewModel,2,1,Number|Number,Number,"[{""name"": ""input1"", ""gate_class"": ""GateNumberData"", ""data_type"": ""Number""}, {""name"": ""input2"", ""gate_class"": ""GateNumberData"", ""data_type"": ""Number""}]","[{""name"": ""output"", ""gate_class"": ""GateNumberData"", ""data_type"": ""Number""}]"
Base,BranchNodeViewModel,Branch,2567,OneOutputNodeViewModel,3,1,Number|Dynamic|Dynamic,Dynamic,"[{""name"": ""input1"", ""gate_class"": ""GateNumberData"", ""data_type"": ""Number""}, {""name"": ""input2"", ""gate_class"": ""GateDynamicTypeData"", ""data_type"": ""Dynamic""}, {""name"": ""input3"", ""gate_class"": ""GateDynamicTypeData"", ""data_type"": ""Dynamic""}]","[{""name"": ""output"", ""gate_class"": ""GateDynamicTypeData"", ""data_type"": ""Dynamic""}]"
Trigonometry,CTanNodeViewModel,,,OneOutputNodeViewModel,1,1,Number,Number,"[{""name"": ""input"", ""gate_class"": ""GateNumberData"", ""data_type"": ""Number""}]","[{""name"": ""output"", ""gate_class"": ""GateNumberData"", ""data_type"": ""Number""}]"
Base,CanBeActivatedEntityNodeViewModel,CanBeActivated,1561,OneOutputNodeViewModel,1,1,Entity,Number,"[{""name"": ""input"", ""gate_class"": ""GateEntityData"", ""data_type"": ""Entity""}]","[{""name"": ""output"", ""gate_class"": ""GateNumberData"", ""data_type"": ""Number""}]"
Base,CeilNodeViewModel,Ceil,2310,OneOutputNodeViewModel,1,1,Dynamic,Dynamic,"[{""name"": ""input"", ""gate_class"": ""GateDynamicTypeData"", ""data_type"": ""Dynamic""}]","[{""name"": ""output"", ""gate_class"": ""GateDynamicTypeData"", ""data_type"": ""Dynamic""}]"
Base,Clamp01NodeViewModel,Clamp01,2312,OneOutputNodeViewModel,1,1,Dynamic,Dynamic,"[{""name"": ""input"", ""gate_class"": ""GateDynamicTypeData"", ""data_type"": ""Dynamic""}]","[{""name"": ""output"", ""gate_class"": ""GateDynamicTypeData"", ""data_type"": ""Dynamic""}]"
Base,ClampValueNodeViewModel,Clamp,2311,OneOutputNodeViewModel,3,1,Dynamic|Number|Number,Dynamic,"[{""name"": ""input1"", ""gate_class"": ""GateDynamicTypeData"", ""data_type"": ""Dynamic""}, {""name"": ""input2"", ""gate_class"": ""GateNumberData"", ""data_type"": ""Number""}, {""name"": ""input3"", ""gate_class"": ""GateNumberData"", ""data_type"": ""Number""}]","[{""name"": ""output"", ""gate_class"": ""GateDynamicTypeData"", ""data_type"": ""Dynamic""}]"
WorldSession,ClearNodeViewModel,,,NoOutputsNodeViewModel,1,0,Number,,"[{""name"": ""trigger"", ""gate_class"": ""GateNumberData"", ""data_type"": ""Number""}]",[]
Base,CollisionEntityNodeViewModel,,,OneOutputNodeViewModel,3,1,Entity|Number|Number,Number,"[{""name"": ""input1"", ""gate_class"": ""GateEntityData"", ""data_type"": ""Entity""}, {""name"": ""input2"", ""gate_class"": ""GateNumberData"", ""data_type"": ""Number""}, {""name"": ""input3"", ""gate_class"": ""GateNumberData"", ""data_type"": ""Number""}]","[{""name"": ""output"", ""gate_class"": ""GateNumberData"", ""data_type"": ""Number""}]"
Base,ColorEntityNodeViewModel,Color,1543,OneOutputNodeViewModel,2,1,Entity|Vector,Vector,"[{""name"": ""input1"", ""gate_class"": ""GateEntityData"", ""data_type"": ""Entity""}, {""name"": ""input2"", ""gate_class"": ""GateVectorData"", ""data_type"": ""Vector""}]","[{""name"": ""output"", ""gate_class"": ""GateVectorData"", ""data_type"": ""Vector""}]"
Base,CombineVectorNodeViewModel,,,OneOutputNodeViewModel,4,1,Number|Number|Number|Number,Vector,"[{""name"": ""x"", ""gate_class"": ""GateNumberData"", ""data_type"": ""Number""}, {""name"": ""y"", ""gate_class"": ""GateNumberData"", ""data_type"": ""Number""}, {""name"": ""z"", ""gate_class"": ""GateNumberData"", ""data_type"": ""Number""}, {""name"": ""w"", ""gate_class"": ""GateNumberData"", ""data_type"": ""Number""}]","[{""name"": ""output"", ""gate_class"": ""GateVectorData"", ""data_type"": ""Vector""}]"
Trigonometry,CosNodeViewModel,Cos,2050,OneOutputNodeViewModel,1,1,Number,Number,"[{""name"": ""input"", ""gate_class"": ""GateNumberData"", ""data_type"": ""Number""}]","[{""name"": ""output"", ""gate_class"": ""GateNumberData"", ""data_type"": ""Number""}]"
Trigonometry,CosineFormulaAngleNodeViewModel,CosineFormulaAngle,2061,OneOutputNodeViewModel,3,1,Number|Number|Number,Number,"[{""name"": ""input1"", ""gate_class"": ""GateNumberData"", ""data_type"": ""Number""}, {""name"": ""input2"", ""gate_class"": ""GateNumberData"", ""data_type"": ""Number""}, {""name"": ""input3"", ""gate_class"": ""GateNumberData"", ""data_type"": ""Number""}]","[{""name"": ""output"", ""gate_class"": ""GateNumberData"", ""data_type"": ""Number""}]"
Trigonometry,CosineFormulaSideNodeViewModel,CosineFormulaSide,2060,OneOutputNodeViewModel,3,1,Number|Number|Number,Number,"[{""name"": ""input1"", ""gate_class"": ""GateNumberData"", ""data_type"": ""Number""}, {""name"": ""input2"", ""gate_class"": ""GateNumberData"", ""data_type"": ""Number""}, {""name"": ""input3"", ""gate_class"": ""GateNumberData"", ""data_type"": ""Number""}]","[{""name"": ""output"", ""gate_class"": ""GateNumberData"", ""data_type"": ""Number""}]"
Memory,CounterNodeViewModel,Counter,4098,OneOutputNodeViewModel,4,1,Number|Number|Number|Number,Number,"[{""name"": ""number"", ""gate_class"": ""GateNumberData"", ""data_type"": ""Number""}, {""name"": ""increment"", ""gate_class"": ""GateNumberData"", ""data_type"": ""Number""}, {""name"": ""decrement"", ""gate_class"": ""GateNumberData"", ""data_type"": ""Number""}, {""name"": ""reset"", ""gate_class"": ""GateNumberData"", ""data_type"": ""Number""}]","[{""name"": ""output"", ""gate_class"": ""GateNumberData"", ""data_type"": ""Number""}]"
Trigonometry,DegToRadSameNodeViewModel,,,OneOutputNodeViewModel,1,1,Number,Number,"[{""name"": ""input"", ""gate_class"": ""GateNumberData"", ""data_type"": ""Number""}]","[{""name"": ""output"", ""gate_class"": ""GateNumberData"", ""data_type"": ""Number""}]"
Memory,DelayNodeViewModel,Delay,4099,OneOutputNodeViewModel,5,1,Number|Number|Number|Number|Number,Number,"[{""name"": ""number"", ""gate_class"": ""GateNumberData"", ""data_type"": ""Number""}, {""name"": ""delay"", ""gate_class"": ""GateNumberData"", ""data_type"": ""Number""}, {""name"": ""enable"", ""gate_class"": ""GateNumberData"", ""data_type"": ""Number""}, {""name"": ""reset"", ""gate_class"": ""GateNumberData"", ""data_type"": ""Number""}, {""name"": ""hold"", ""gate_class"": ""GateNumberData"", ""data_type"": ""Number""}]","[{""name"": ""result"", ""gate_class"": ""GateNumberData"", ""data_type"": ""Number""}]"
Base,DeleteEntityNodeViewModel,Delete,1577,NoOutputsNodeViewModel,2,0,Entity|Number,,"[{""name"": ""input1"", ""gate_class"": ""GateEntityData"", ""data_type"": ""Entity""}, {""name"": ""input2"", ""gate_class"": ""GateNumberData"", ""data_type"": ""Number""}]",[]
Trigonometry,DeltaAngleNodeViewModel,DeltaAngle,2059,OneOutputNodeViewModel,2,1,Number|Number,Number,"[{""name"": ""input1"", ""gate_class"": ""GateNumberData"", ""data_type"": ""Number""}, {""name"": ""input2"", ""gate_class"": ""GateNumberData"", ""data_type"": ""Number""}]","[{""name"": ""output"", ""gate_class"": ""GateNumberData"", ""data_type"": ""Number""}]"
Memory,DeltaPreviousCurrentNodeViewModel,DeltaPreviousCurrent,4097,OneOutputNodeViewModel,1,1,Dynamic,Dynamic,"[{""name"": ""input"", ""gate_class"": ""GateDynamicTypeData"", ""data_type"": ""Dynamic""}]","[{""name"": ""output"", ""gate_class"": ""GateDynamicTypeData"", ""data_type"": ""Dynamic""}]"
Base,DivideNodeViewModel,Divide,2307,OneOutputNodeViewModel,2,1,Dynamic|Dynamic,Dynamic,"[{""name"": ""input1"", ""gate_class"": ""GateDynamicTypeData"", ""data_type"": ""Dynamic""}, {""name"": ""input2"", ""gate_class"": ""GateDynamicTypeData"", ""data_type"": ""Dynamic""}]","[{""name"": ""output"", ""gate_class"": ""GateDynamicTypeData"", ""data_type"": ""Dynamic""}]"
Base,DraggableEntityNodeViewModel,Draggable,1583,OneOutputNodeViewModel,2,1,Entity|Number,Number,"[{""name"": ""input1"", ""gate_class"": ""GateEntityData"", ""data_type"": ""Entity""}, {""name"": ""input2"", ""gate_class"": ""GateNumberData"", ""data_type"": ""Number""}]","[{""name"": ""output"", ""gate_class"": ""GateNumberData"", ""data_type"": ""Number""}]"
Base,ENodeViewModel,E,259,OneOutputNodeViewModel,0,0,,,[],"[{""name"": ""r"", ""gate_class"": ""GateNumberData"", ""data_type"": ""Number""}]"
Base,ElevationEntityNodeViewModel,,,OneOutputNodeViewModel,2,1,Entity|Vector,Number,"[{""name"": ""input1"", ""gate_class"": ""GateEntityData"", ""data_type"": ""Entity""}, {""name"": ""input2"", ""gate_class"": ""GateVectorData"", ""data_type"": ""Vector""}]","[{""name"": ""output"", ""gate_class"": ""GateNumberData"", ""data_type"": ""Number""}]"
Base,EntityIDNodeViewModel,EntityID,1549,OneOutputNodeViewModel,1,1,Entity,Number,"[{""name"": ""input"", ""gate_class"": ""GateEntityData"", ""data_type"": ""Entity""}]","[{""name"": ""output"", ""gate_class"": ""GateNumberData"", ""data_type"": ""Number""}]"
Comparisons,EqualNodeViewModel,Equal,2816,OneOutputNodeViewModel,2,1,Dynamic|Dynamic,Number,"[{""name"": ""input1"", ""gate_class"": ""GateDynamicTypeData"", ""data_type"": ""Dynamic""}, {""name"": ""input2"", ""gate_class"": ""GateDynamicTypeData"", ""data_type"": ""Dynamic""}]","[{""name"": ""output"", ""gate_class"": ""GateNumberData"", ""data_type"": ""Number""}]"
Base,ExpNodeViewModel,Exp,2308,OneOutputNodeViewModel,1,1,Number,Number,"[{""name"": ""input"", ""gate_class"": ""GateNumberData"", ""data_type"": ""Number""}]","[{""name"": ""output"", ""gate_class"": ""GateNumberData"", ""data_type"": ""Number""}]"
Base,ExpPowNumberNodeViewModel,ExpPow,2314,OneOutputNodeViewModel,2,1,Number|Number,Number,"[{""name"": ""input1"", ""gate_class"": ""GateNumberData"", ""data_type"": ""Number""}, {""name"": ""input2"", ""gate_class"": ""GateNumberData"", ""data_type"": ""Number""}]","[{""name"": ""output"", ""gate_class"": ""GateNumberData"", ""data_type"": ""Number""}]"
Base,ExtinguishEntityNodeViewModel,Extinguish,1570,NoOutputsNodeViewModel,2,0,Entity|Number,,"[{""name"": ""input1"", ""gate_class"": ""GateEntityData"", ""data_type"": ""Entity""}, {""name"": ""input2"", ""gate_class"": ""GateNumberData"", ""data_type"": ""Number""}]",[]
Trigonometry,FindStringNodeViewModel,StringFind,3586,OneOutputNodeViewModel,2,1,String|String,Number,"[{""name"": ""input1"", ""gate_class"": ""GateStringData"", ""data_type"": ""String""}, {""name"": ""input2"", ""gate_class"": ""GateStringData"", ""data_type"": ""String""}]","[{""name"": ""output"", ""gate_class"": ""GateNumberData"", ""data_type"": ""Number""}]"
Base,FloorNodeViewModel,Floor,2319,OneOutputNodeViewModel,1,1,Dynamic,Dynamic,"[{""name"": ""input"", ""gate_class"": ""GateDynamicTypeData"", ""data_type"": ""Dynamic""}]","[{""name"": ""output"", ""gate_class"": ""GateDynamicTypeData"", ""data_type"": ""Dynamic""}]"
Base,FollowEntityNodeViewModel,Follow,1571,OneOutputNodeViewModel,3,1,Entity|Number|Number,Number,"[{""name"": ""input1"", ""gate_class"": ""GateEntityData"", ""data_type"": ""Entity""}, {""name"": ""input2"", ""gate_class"": ""GateNumberData"", ""data_type"": ""Number""}, {""name"": ""input3"", ""gate_class"": ""GateNumberData"", ""data_type"": ""Number""}]","[{""name"": ""output"", ""gate_class"": ""GateNumberData"", ""data_type"": ""Number""}]"
Base,FreezeEntityNodeViewModel,Freeze,1566,OneOutputNodeViewModel,2,1,Entity|Number,Number,"[{""name"": ""input1"", ""gate_class"": ""GateEntityData"", ""data_type"": ""Entity""}, {""name"": ""input2"", ""gate_class"": ""GateNumberData"", ""data_type"": ""Number""}]","[{""name"": ""output"", ""gate_class"": ""GateNumberData"", ""data_type"": ""Number""}]"
Trigonometry,FromAsciiNodeViewModel,FromAscii,3597,OneOutputNodeViewModel,1,1,Number,String,"[{""name"": ""input"", ""gate_class"": ""GateNumberData"", ""data_type"": ""Number""}]","[{""name"": ""output"", ""gate_class"": ""GateStringData"", ""data_type"": ""String""}]"
Memory,GameTimerNodeViewModel,GameTimer,5004,TwoOutputNodeViewModel,0,2,,Number|Number,[],"[{""name"": ""scaledTime"", ""gate_class"": ""GateNumberData"", ""data_type"": ""Number""}, {""name"": ""unscaledTime"", ""gate_class"": ""GateNumberData"", ""data_type"": ""Number""}]"
Base,GravityEntityNodeViewModel,Gravity,1563,OneOutputNodeViewModel,2,1,Entity|Number,Number,"[{""name"": ""input1"", ""gate_class"": ""GateEntityData"", ""data_type"": ""Entity""}, {""name"": ""input2"", ""gate_class"": ""GateNumberData"", ""data_type"": ""Number""}]","[{""name"": ""output"", ""gate_class"": ""GateNumberData"", ""data_type"": ""Number""}]"
Comparisons,GreaterNodeViewModel,Greater,2820,OneOutputNodeViewModel,2,1,Number|Number,Number,"[{""name"": ""input1"", ""gate_class"": ""GateNumberData"", ""data_type"": ""Number""}, {""name"": ""input2"", ""gate_class"": ""GateNumberData"", ""data_type"": ""Number""}]","[{""name"": ""output"", ""gate_class"": ""GateNumberData"", ""data_type"": ""Number""}]"
Comparisons,GreaterOrEqualNodeViewModel,GreaterOrEqual,2818,OneOutputNodeViewModel,2,1,Number|Number,Number,"[{""name"": ""input1"", ""gate_class"": ""GateNumberData"", ""data_type"": ""Number""}, {""name"": ""input2"", ""gate_class"": ""GateNumberData"", ""data_type"": ""Number""}]","[{""name"": ""output"", ""gate_class"": ""GateNumberData"", ""data_type"": ""Number""}]"
Base,IDIsValidNodeViewModel,IDIsValid,1552,OneOutputNodeViewModel,1,1,Number,Number,"[{""name"": ""input"", ""gate_class"": ""GateNumberData"", ""data_type"": ""Number""}]","[{""name"": ""output"", ""gate_class"": ""GateNumberData"", ""data_type"": ""Number""}]"
Base,IDToEntityNodeViewModel,IDToEntity,1550,OneOutputNodeViewModel,1,1,Number,Entity,"[{""name"": ""input"", ""gate_class"": ""GateNumberData"", ""data_type"": ""Number""}]","[{""name"": ""output"", ""gate_class"": ""GateEntityData"", ""data_type"": ""Entity""}]"
Base,IdentityNodeViewModel,Identity,1,OneOutputNodeViewModel,1,1,Dynamic,Dynamic,"[{""name"": ""input"", ""gate_class"": ""GateDynamicTypeData"", ""data_type"": ""Dynamic""}]","[{""name"": ""output"", ""gate_class"": ""GateDynamicTypeData"", ""data_type"": ""Dynamic""}]"
Base,IgniteEntityNodeViewModel,Ignite,1569,OneOutputNodeViewModel,2,1,Entity|Number,Number,"[{""name"": ""input1"", ""gate_class"": ""GateEntityData"", ""data_type"": ""Entity""}, {""name"": ""input2"", ""gate_class"": ""GateNumberData"", ""data_type"": ""Number""}]","[{""name"": ""output"", ""gate_class"": ""GateNumberData"", ""data_type"": ""Number""}]"
Comparisons,InRangeExclusiveNodeViewModel,InRangeExclusive,2823,OneOutputNodeViewModel,3,1,Number|Number|Number,Number,"[{""name"": ""input1"", ""gate_class"": ""GateNumberData"", ""data_type"": ""Number""}, {""name"": ""input2"", ""gate_class"": ""GateNumberData"", ""data_type"": ""Number""}, {""name"": ""input3"", ""gate_class"": ""GateNumberData"", ""data_type"": ""Number""}]","[{""name"": ""output"", ""gate_class"": ""GateNumberData"", ""data_type"": ""Number""}]"
Comparisons,InRangeInclusiveNodeViewModel,InRangeInclusive,2822,OneOutputNodeViewModel,3,1,Number|Number|Number,Number,"[{""name"": ""input1"", ""gate_class"": ""GateNumberData"", ""data_type"": ""Number""}, {""name"": ""input2"", ""gate_class"": ""GateNumberData"", ""data_type"": ""Number""}, {""name"": ""input3"", ""gate_class"": ""GateNumberData"", ""data_type"": ""Number""}]","[{""name"": ""output"", ""gate_class"": ""GateNumberData"", ""data_type"": ""Number""}]"
Base,InverseNodeViewModel,Inverse,2320,OneOutputNodeViewModel,1,1,Dynamic,Dynamic,"[{""name"": ""input"", ""gate_class"": ""GateDynamicTypeData"", ""data_type"": ""Dynamic""}]","[{""name"": ""output"", ""gate_class"": ""GateDynamicTypeData"", ""data_type"": ""Dynamic""}]"
Trigonometry,LengthStringNodeViewModel,StringLength,3587,OneOutputNodeViewModel,1,1,String,Number,"[{""name"": ""input"", ""gate_class"": ""GateStringData"", ""data_type"": ""String""}]","[{""name"": ""output"", ""gate_class"": ""GateNumberData"", ""data_type"": ""Number""}]"
Base,LerpNodeViewModel,Lerp,2328,OneOutputNodeViewModel,3,1,Dynamic|Dynamic|Number,Dynamic,"[{""name"": ""input1"", ""gate_class"": ""GateDynamicTypeData"", ""data_type"": ""Dynamic""}, {""name"": ""input2"", ""gate_class"": ""GateDynamicTypeData"", ""data_type"": ""Dynamic""}, {""name"": ""input3"", ""gate_class"": ""GateNumberData"", ""data_type"": ""Number""}]","[{""name"": ""output"", ""gate_class"": ""GateDynamicTypeData"", ""data_type"": ""Dynamic""}]"
Comparisons,LessNodeViewModel,Less,2821,OneOutputNodeViewModel,2,1,Number|Number,Number,"[{""name"": ""input1"", ""gate_class"": ""GateNumberData"", ""data_type"": ""Number""}, {""name"": ""input2"", ""gate_class"": ""GateNumberData"", ""data_type"": ""Number""}]","[{""name"": ""output"", ""gate_class"": ""GateNumberData"", ""data_type"": ""Number""}]"
Comparisons,LessOrEqualNodeViewModel,LessOrEqual,2819,OneOutputNodeViewModel,2,1,Number|Number,Number,"[{""name"": ""input1"", ""gate_class"": ""GateNumberData"", ""data_type"": ""Number""}, {""name"": ""input2"", ""gate_class"": ""GateNumberData"", ""data_type"": ""Number""}]","[{""name"": ""output"", ""gate_class"": ""GateNumberData"", ""data_type"": ""Number""}]"
WorldSession,LoadLastSaveSessionStateNodeViewModel,LoadWorldSessionState,5002,NoOutputsNodeViewModel,1,0,Number,,"[{""name"": ""input"", ""gate_class"": ""GateNumberData"", ""data_type"": ""Number""}]",[]
Base,LocalAngleToWorldEntityNodeViewModel,LocalAngleToWorld,1556,OneOutputNodeViewModel,2,1,Entity|Number,Number,"[{""name"": ""input1"", ""gate_class"": ""GateEntityData"", ""data_type"": ""Entity""}, {""name"": ""input2"", ""gate_class"": ""GateNumberData"", ""data_type"": ""Number""}]","[{""name"": ""output"", ""gate_class"": ""GateNumberData"", ""data_type"": ""Number""}]"
Base,LocalPositionToWorldEntityNodeViewModel,LocalPositionToWorld,1555,OneOutputNodeViewModel,2,1,Entity|Vector,Vector,"[{""name"": ""input1"", ""gate_class"": ""GateEntityData"", ""data_type"": ""Entity""}, {""name"": ""input2"", ""gate_class"": ""GateVectorData"", ""data_type"": ""Vector""}]","[{""name"": ""output"", ""gate_class"": ""GateVectorData"", ""data_type"": ""Vector""}]"
Base,LogNumberNodeViewModel,,,OneOutputNodeViewModel,2,1,Number|Number,Number,"[{""name"": ""input1"", ""gate_class"": ""GateNumberData"", ""data_type"": ""Number""}, {""name"": ""input2"", ""gate_class"": ""GateNumberData"", ""data_type"": ""Number""}]","[{""name"": ""output"", ""gate_class"": ""GateNumberData"", ""data_type"": ""Number""}]"
Base,LookAtEntityNodeViewModel,,,NoOutputsNodeViewModel,3,0,Entity|Entity|Number,,"[{""name"": ""input1"", ""gate_class"": ""GateEntityData"", ""data_type"": ""Entity""}, {""name"": ""input2"", ""gate_class"": ""GateEntityData"", ""data_type"": ""Entity""}, {""name"": ""input3"", ""gate_class"": ""GateNumberData"", ""data_type"": ""Number""}]",[]
Trigonometry,LowercaseStringNodeViewModel,StringLowercase,3588,OneOutputNodeViewModel,1,1,String,String,"[{""name"": ""input"", ""gate_class"": ""GateStringData"", ""data_type"": ""String""}]","[{""name"": ""output"", ""gate_class"": ""GateStringData"", ""data_type"": ""String""}]"
Base,MagnitudeVectorNodeViewModel,Magnitude,1283,OneOutputNodeViewModel,1,1,Vector,Number,"[{""name"": ""input"", ""gate_class"": ""GateVectorData"", ""data_type"": ""Vector""}]","[{""name"": ""output"", ""gate_class"": ""GateNumberData"", ""data_type"": ""Number""}]"
Base,MassCenterEntityNodeViewModel,MassCenter,1558,OneOutputNodeViewModel,1,1,Entity,Vector,"[{""name"": ""input"", ""gate_class"": ""GateEntityData"", ""data_type"": ""Entity""}]","[{""name"": ""output"", ""gate_class"": ""GateVectorData"", ""data_type"": ""Vector""}]"
Base,MassEntityNodeViewModel,Mass,1557,OneOutputNodeViewModel,1,1,Entity,Number,"[{""name"": ""input"", ""gate_class"": ""GateEntityData"", ""data_type"": ""Entity""}]","[{""name"": ""output"", ""gate_class"": ""GateNumberData"", ""data_type"": ""Number""}]"
Base,MaxValueNodeViewModel,Max,2330,OneOutputNodeViewModel,2,1,Dynamic|Dynamic,Dynamic,"[{""name"": ""input1"", ""gate_class"": ""GateDynamicTypeData"", ""data_type"": ""Dynamic""}, {""name"": ""input2"", ""gate_class"": ""GateDynamicTypeData"", ""data_type"": ""Dynamic""}]","[{""name"": ""output"", ""gate_class"": ""GateDynamicTypeData"", ""data_type"": ""Dynamic""}]"
Base,MinValueNodeViewModel,Min,2329,OneOutputNodeViewModel,2,1,Dynamic|Dynamic,Dynamic,"[{""name"": ""input1"", ""gate_class"": ""GateDynamicTypeData"", ""data_type"": ""Dynamic""}, {""name"": ""input2"", ""gate_class"": ""GateDynamicTypeData"", ""data_type"": ""Dynamic""}]","[{""name"": ""output"", ""gate_class"": ""GateDynamicTypeData"", ""data_type"": ""Dynamic""}]"
Base,MultiplyNumbersNodeViewModel,Multiply,2306,OneOutputNodeViewModel,2,1,Dynamic|Dynamic,Dynamic,"[{""name"": ""input1"", ""gate_class"": ""GateDynamicTypeData"", ""data_type"": ""Dynamic""}, {""name"": ""input2"", ""gate_class"": ""GateDynamicTypeData"", ""data_type"": ""Dynamic""}]","[{""name"": ""output"", ""gate_class"": ""GateDynamicTypeData"", ""data_type"": ""Dynamic""}]"
Base,NegateNodeViewModel,Negate,2315,OneOutputNodeViewModel,1,1,Dynamic,Dynamic,"[{""name"": ""input"", ""gate_class"": ""GateDynamicTypeData"", ""data_type"": ""Dynamic""}]","[{""name"": ""output"", ""gate_class"": ""GateDynamicTypeData"", ""data_type"": ""Dynamic""}]"
Base,NormalEntityNodeViewModel,EntityNormal,1537,OneOutputNodeViewModel,1,1,Entity,Vector,"[{""name"": ""input"", ""gate_class"": ""GateEntityData"", ""data_type"": ""Entity""}]","[{""name"": ""output"", ""gate_class"": ""GateVectorData"", ""data_type"": ""Vector""}]"
Trigonometry,NormalizeVectorNodeViewModel,Normalize,1282,OneOutputNodeViewModel,1,1,Vector,Vector,"[{""name"": ""input"", ""gate_class"": ""GateVectorData"", ""data_type"": ""Vector""}]","[{""name"": ""output"", ""gate_class"": ""GateVectorData"", ""data_type"": ""Vector""}]"
Base,NotAndNodeViewModel,Nand,2562,OneOutputNodeViewModel,2,1,Number|Number,Number,"[{""name"": ""input1"", ""gate_class"": ""GateNumberData"", ""data_type"": ""Number""}, {""name"": ""input2"", ""gate_class"": ""GateNumberData"", ""data_type"": ""Number""}]","[{""name"": ""output"", ""gate_class"": ""GateNumberData"", ""data_type"": ""Number""}]"
Comparisons,NotEqualNodeViewModel,NotEqual,2817,OneOutputNodeViewModel,2,1,Dynamic|Dynamic,Number,"[{""name"": ""input1"", ""gate_class"": ""GateDynamicTypeData"", ""data_type"": ""Dynamic""}, {""name"": ""input2"", ""gate_class"": ""GateDynamicTypeData"", ""data_type"": ""Dynamic""}]","[{""name"": ""output"", ""gate_class"": ""GateNumberData"", ""data_type"": ""Number""}]"
Base,NotOrNodeViewModel,Nor,2563,OneOutputNodeViewModel,2,1,Number|Number,Number,"[{""name"": ""input1"", ""gate_class"": ""GateNumberData"", ""data_type"": ""Number""}, {""name"": ""input2"", ""gate_class"": ""GateNumberData"", ""data_type"": ""Number""}]","[{""name"": ""output"", ""gate_class"": ""GateNumberData"", ""data_type"": ""Number""}]"
Base,NotSameNodeViewModel,Not,2564,OneOutputNodeViewModel,1,1,Number,Number,"[{""name"": ""input"", ""gate_class"": ""GateNumberData"", ""data_type"": ""Number""}]","[{""name"": ""output"", ""gate_class"": ""GateNumberData"", ""data_type"": ""Number""}]"
Base,NotXorNodeViewModel,Nxor,2566,OneOutputNodeViewModel,2,1,Number|Number,Number,"[{""name"": ""input1"", ""gate_class"": ""GateNumberData"", ""data_type"": ""Number""}, {""name"": ""input2"", ""gate_class"": ""GateNumberData"", ""data_type"": ""Number""}]","[{""name"": ""output"", ""gate_class"": ""GateNumberData"", ""data_type"": ""Number""}]"
Base,OrNodeViewModel,Or,2561,OneOutputNodeViewModel,2,1,Number|Number,Number,"[{""name"": ""input1"", ""gate_class"": ""GateNumberData"", ""data_type"": ""Number""}, {""name"": ""input2"", ""gate_class"": ""GateNumberData"", ""data_type"": ""Number""}]","[{""name"": ""output"", ""gate_class"": ""GateNumberData"", ""data_type"": ""Number""}]"
Base,PercentNumberNodeViewModel,Percent,2316,OneOutputNodeViewModel,2,1,Dynamic|Dynamic,Dynamic,"[{""name"": ""input1"", ""gate_class"": ""GateDynamicTypeData"", ""data_type"": ""Dynamic""}, {""name"": ""input2"", ""gate_class"": ""GateDynamicTypeData"", ""data_type"": ""Dynamic""}]","[{""name"": ""output"", ""gate_class"": ""GateDynamicTypeData"", ""data_type"": ""Dynamic""}]"
Base,PiNodeViewModel,Pi,258,OneOutputNodeViewModel,0,0,,,[],"[{""name"": ""r"", ""gate_class"": ""GateNumberData"", ""data_type"": ""Number""}]"
Base,PositionEntityNodeViewModel,Position,1559,OneOutputNodeViewModel,2,1,Entity|Vector,Vector,"[{""name"": ""input1"", ""gate_class"": ""GateEntityData"", ""data_type"": ""Entity""}, {""name"": ""input2"", ""gate_class"": ""GateVectorData"", ""data_type"": ""Vector""}]","[{""name"": ""output"", ""gate_class"": ""GateVectorData"", ""data_type"": ""Vector""}]"
Base,PowNumberNodeViewModel,Pow,2325,OneOutputNodeViewModel,2,1,Dynamic|Number,Dynamic,"[{""name"": ""input1"", ""gate_class"": ""GateDynamicTypeData"", ""data_type"": ""Dynamic""}, {""name"": ""input2"", ""gate_class"": ""GateNumberData"", ""data_type"": ""Number""}]","[{""name"": ""output"", ""gate_class"": ""GateDynamicTypeData"", ""data_type"": ""Dynamic""}]"
Trigonometry,PythagoreanCathetusNodeViewModel,PythagoreanCathetus,2062,OneOutputNodeViewModel,2,1,Number|Number,Number,"[{""name"": ""input1"", ""gate_class"": ""GateNumberData"", ""data_type"": ""Number""}, {""name"": ""input2"", ""gate_class"": ""GateNumberData"", ""data_type"": ""Number""}]","[{""name"": ""output"", ""gate_class"": ""GateNumberData"", ""data_type"": ""Number""}]"
Trigonometry,PythagoreanSideNodeViewModel,PythagoreanSide,2063,OneOutputNodeViewModel,2,1,Number|Number,Number,"[{""name"": ""input1"", ""gate_class"": ""GateNumberData"", ""data_type"": ""Number""}, {""name"": ""input2"", ""gate_class"": ""GateNumberData"", ""data_type"": ""Number""}]","[{""name"": ""output"", ""gate_class"": ""GateNumberData"", ""data_type"": ""Number""}]"
Trigonometry,RadToDegSameNodeViewModel,,,OneOutputNodeViewModel,1,1,Number,Number,"[{""name"": ""input"", ""gate_class"": ""GateNumberData"", ""data_type"": ""Number""}]","[{""name"": ""output"", ""gate_class"": ""GateNumberData"", ""data_type"": ""Number""}]"
Base,RandomNodeViewModel,Random,261,OneOutputNodeViewModel,2,1,Dynamic|Dynamic,Dynamic,"[{""name"": ""input1"", ""gate_class"": ""GateDynamicTypeData"", ""data_type"": ""Dynamic""}, {""name"": ""input2"", ""gate_class"": ""GateDynamicTypeData"", ""data_type"": ""Dynamic""}]","[{""name"": ""output"", ""gate_class"": ""GateDynamicTypeData"", ""data_type"": ""Dynamic""}]"
Base,RemainderNumberNodeViewModel,Mod,2327,OneOutputNodeViewModel,2,1,Dynamic|Number,Dynamic,"[{""name"": ""input1"", ""gate_class"": ""GateDynamicTypeData"", ""data_type"": ""Dynamic""}, {""name"": ""input2"", ""gate_class"": ""GateNumberData"", ""data_type"": ""Number""}]","[{""name"": ""output"", ""gate_class"": ""GateDynamicTypeData"", ""data_type"": ""Dynamic""}]"
Trigonometry,RepeatStringNodeViewModel,StringRepeat,3591,OneOutputNodeViewModel,2,1,String|Number,String,"[{""name"": ""input1"", ""gate_class"": ""GateStringData"", ""data_type"": ""String""}, {""name"": ""input2"", ""gate_class"": ""GateNumberData"", ""data_type"": ""Number""}]","[{""name"": ""output"", ""gate_class"": ""GateStringData"", ""data_type"": ""String""}]"
Trigonometry,ReplaceStringNodeViewModel,StringReplace,3592,OneOutputNodeViewModel,3,1,String|String|String,String,"[{""name"": ""inputString"", ""gate_class"": ""GateStringData"", ""data_type"": ""String""}, {""name"": ""oldValue"", ""gate_class"": ""GateStringData"", ""data_type"": ""String""}, {""name"": ""newValue"", ""gate_class"": ""GateStringData"", ""data_type"": ""String""}]","[{""name"": ""result"", ""gate_class"": ""GateStringData"", ""data_type"": ""String""}]"
WorldSession,ResetSessionStateNodeViewModel,ResetWorldSessionState,5010,NoOutputsNodeViewModel,1,0,Number,,"[{""name"": ""input"", ""gate_class"": ""GateNumberData"", ""data_type"": ""Number""}]",[]
Trigonometry,ReverseStringNodeViewModel,StringReverse,3590,OneOutputNodeViewModel,1,1,String,String,"[{""name"": ""input"", ""gate_class"": ""GateStringData"", ""data_type"": ""String""}]","[{""name"": ""output"", ""gate_class"": ""GateStringData"", ""data_type"": ""String""}]"
Base,RoundNodeViewModel,Round,2326,OneOutputNodeViewModel,1,1,Dynamic,Dynamic,"[{""name"": ""input"", ""gate_class"": ""GateDynamicTypeData"", ""data_type"": ""Dynamic""}]","[{""name"": ""output"", ""gate_class"": ""GateDynamicTypeData"", ""data_type"": ""Dynamic""}]"
WorldSession,SaveSessionStateNodeViewModel,SaveWorldSessionState,5009,NoOutputsNodeViewModel,1,0,Number,,"[{""name"": ""input"", ""gate_class"": ""GateNumberData"", ""data_type"": ""Number""}]",[]
Base,SelectNodeViewModel,Select,2568,OneOutputNodeViewModel,11,1,Number|Dynamic|Dynamic|Dynamic|Dynamic|Dynamic|Dynamic|Dynamic|Dynamic|Dynamic|Dynamic,Dynamic,"[{""name"": ""input1"", ""gate_class"": ""GateNumberData"", ""data_type"": ""Number""}, {""name"": ""input2"", ""gate_class"": ""GateDynamicTypeData"", ""data_type"": ""Dynamic""}, {""name"": ""input3"", ""gate_class"": ""GateDynamicTypeData"", ""data_type"": ""Dynamic""}, {""name"": ""input4"", ""gate_class"": ""GateDynamicTypeData"", ""data_type"": ""Dynamic""}, {""name"": ""input5"", ""gate_class"": ""GateDynamicTypeData"", ""data_type"": ""Dynamic""}, {""name"": ""input6"", ""gate_class"": ""GateDynamicTypeData"", ""data_type"": ""Dynamic""}, {""name"": ""input7"", ""gate_class"": ""GateDynamicTypeData"", ""data_type"": ""Dynamic""}, {""name"": ""input8"", ""gate_class"": ""GateDynamicTypeData"", ""data_type"": ""Dynamic""}, {""name"": ""input9"", ""gate_class"": ""GateDynamicTypeData"", ""data_type"": ""Dynamic""}, {""name"": ""input10"", ""gate_class"": ""GateDynamicTypeData"", ""data_type"": ""Dynamic""}, {""name"": ""input11"", ""gate_class"": ""GateDynamicTypeData"", ""data_type"": ""Dynamic""}]","[{""name"": ""output"", ""gate_class"": ""GateDynamicTypeData"", ""data_type"": ""Dynamic""}]"
WorldSession,SessionStateNodeViewModel,WorldSessionState,5001,OneOutputNodeViewModel,2,1,Number|Number,Number,"[{""name"": ""inputStart"", ""gate_class"": ""GateNumberData"", ""data_type"": ""Number""}, {""name"": ""inputEnd"", ""gate_class"": ""GateNumberData"", ""data_type"": ""Number""}]","[{""name"": ""output"", ""gate_class"": ""GateNumberData"", ""data_type"": ""Number""}]"
Base,SignNodeViewModel,Sign,2318,OneOutputNodeViewModel,1,1,Dynamic,Dynamic,"[{""name"": ""input"", ""gate_class"": ""GateDynamicTypeData"", ""data_type"": ""Dynamic""}]","[{""name"": ""output"", ""gate_class"": ""GateDynamicTypeData"", ""data_type"": ""Dynamic""}]"
Trigonometry,SinNodeViewModel,Sin,2049,OneOutputNodeViewModel,1,1,Number,Number,"[{""name"": ""input"", ""gate_class"": ""GateNumberData"", ""data_type"": ""Number""}]","[{""name"": ""output"", ""gate_class"": ""GateNumberData"", ""data_type"": ""Number""}]"
Base,SizeEntityNodeViewModel,Size,1567,OneOutputNodeViewModel,2,1,Entity|Vector,Vector,"[{""name"": ""input1"", ""gate_class"": ""GateEntityData"", ""data_type"": ""Entity""}, {""name"": ""input2"", ""gate_class"": ""GateVectorData"", ""data_type"": ""Vector""}]","[{""name"": ""output"", ""gate_class"": ""GateVectorData"", ""data_type"": ""Vector""}]"
Base,SplitVectorNodeViewModel,,,FourOutputNodeViewModel,1,4,Vector,Number|Number|Number|Number,"[{""name"": ""input"", ""gate_class"": ""GateVectorData"", ""data_type"": ""Vector""}]","[{""name"": ""output1"", ""gate_class"": ""GateNumberData"", ""data_type"": ""Number""}, {""name"": ""output2"", ""gate_class"": ""GateNumberData"", ""data_type"": ""Number""}, {""name"": ""output3"", ""gate_class"": ""GateNumberData"", ""data_type"": ""Number""}, {""name"": ""output4"", ""gate_class"": ""GateNumberData"", ""data_type"": ""Number""}]"
Base,SqrMagnitudeVectorNodeViewModel,SqrMagnitude,1284,OneOutputNodeViewModel,1,1,Vector,Number,"[{""name"": ""input"", ""gate_class"": ""GateVectorData"", ""data_type"": ""Vector""}]","[{""name"": ""output"", ""gate_class"": ""GateNumberData"", ""data_type"": ""Number""}]"
Base,SqrNodeViewModel,Sqr,2321,OneOutputNodeViewModel,1,1,Dynamic,Dynamic,"[{""name"": ""input"", ""gate_class"": ""GateDynamicTypeData"", ""data_type"": ""Dynamic""}]","[{""name"": ""output"", ""gate_class"": ""GateDynamicTypeData"", ""data_type"": ""Dynamic""}]"
Base,SqrtNodeViewModel,Sqrt,2322,OneOutputNodeViewModel,1,1,Dynamic,Dynamic,"[{""name"": ""input"", ""gate_class"": ""GateDynamicTypeData"", ""data_type"": ""Dynamic""}]","[{""name"": ""output"", ""gate_class"": ""GateDynamicTypeData"", ""data_type"": ""Dynamic""}]"
Trigonometry,StringToNumberNodeViewModel,ToNumber,3598,OneOutputNodeViewModel,1,1,String,Number,"[{""name"": ""input"", ""gate_class"": ""GateStringData"", ""data_type"": ""String""}]","[{""name"": ""output"", ""gate_class"": ""GateNumberData"", ""data_type"": ""Number""}]"
Trigonometry,SubstringNodeViewModel,Substring,3593,OneOutputNodeViewModel,3,1,String|Number|Number,String,"[{""name"": ""input1"", ""gate_class"": ""GateStringData"", ""data_type"": ""String""}, {""name"": ""input2"", ""gate_class"": ""GateNumberData"", ""data_type"": ""Number""}, {""name"": ""input3"", ""gate_class"": ""GateNumberData"", ""data_type"": ""Number""}]","[{""name"": ""output"", ""gate_class"": ""GateStringData"", ""data_type"": ""String""}]"
Base,SubtractNumbersNodeViewModel,Subtract,2305,OneOutputNodeViewModel,2,1,Dynamic|Dynamic,Dynamic,"[{""name"": ""input1"", ""gate_class"": ""GateDynamicTypeData"", ""data_type"": ""Dynamic""}, {""name"": ""input2"", ""gate_class"": ""GateDynamicTypeData"", ""data_type"": ""Dynamic""}]","[{""name"": ""output"", ""gate_class"": ""GateDynamicTypeData"", ""data_type"": ""Dynamic""}]"
Trigonometry,SymbolToAsciiNumberNodeViewModel,ToAscii,3596,OneOutputNodeViewModel,2,1,String|Number,Number,"[{""name"": ""input1"", ""gate_class"": ""GateStringData"", ""data_type"": ""String""}, {""name"": ""input2"", ""gate_class"": ""GateNumberData"", ""data_type"": ""Number""}]","[{""name"": ""output"", ""gate_class"": ""GateNumberData"", ""data_type"": ""Number""}]"
Memory,SystemTimeNodeViewModel,SystemTime,5003,TwoOutputNodeViewModel,0,2,,Number|Number,[],"[{""name"": ""time"", ""gate_class"": ""GateNumberData"", ""data_type"": ""Number""}, {""name"": ""dateTime"", ""gate_class"": ""GateNumberData"", ""data_type"": ""Number""}]"
Trigonometry,TanNodeViewModel,Tan,2053,OneOutputNodeViewModel,1,1,Number,Number,"[{""name"": ""input"", ""gate_class"": ""GateNumberData"", ""data_type"": ""Number""}]","[{""name"": ""output"", ""gate_class"": ""GateNumberData"", ""data_type"": ""Number""}]"
Base,TemperatureEntityNodeViewModel,Temperature,1541,OneOutputNodeViewModel,2,1,Entity|Number,Number,"[{""name"": ""input1"", ""gate_class"": ""GateEntityData"", ""data_type"": ""Entity""}, {""name"": ""input2"", ""gate_class"": ""GateNumberData"", ""data_type"": ""Number""}]","[{""name"": ""output"", ""gate_class"": ""GateNumberData"", ""data_type"": ""Number""}]"
Base,TimeNodeViewModel,Time,260,FourOutputNodeViewModel,0,4,,Number|Number|Number|Number,[],"[{""name"": ""output1"", ""gate_class"": ""GateNumberData"", ""data_type"": ""Number""}, {""name"": ""output2"", ""gate_class"": ""GateNumberData"", ""data_type"": ""Number""}, {""name"": ""output3"", ""gate_class"": ""GateNumberData"", ""data_type"": ""Number""}, {""name"": ""output4"", ""gate_class"": ""GateNumberData"", ""data_type"": ""Number""}]"
Memory,TimerNodeViewModel,Timer,5008,TwoOutputNodeViewModel,2,2,Number|Number,Number|Number,"[{""name"": ""trigger"", ""gate_class"": ""GateNumberData"", ""data_type"": ""Number""}, {""name"": ""reset"", ""gate_class"": ""GateNumberData"", ""data_type"": ""Number""}]","[{""name"": ""scaledTime"", ""gate_class"": ""GateNumberData"", ""data_type"": ""Number""}, {""name"": ""unscaledTime"", ""gate_class"": ""GateNumberData"", ""data_type"": ""Number""}]"
Memory,ToDateNodeViewModel,ToDate,3600,OneOutputNodeViewModel,1,1,Number,String,"[{""name"": ""days"", ""gate_class"": ""GateNumberData"", ""data_type"": ""Number""}]","[{""name"": ""output"", ""gate_class"": ""GateStringData"", ""data_type"": ""String""}]"
Trigonometry,ToStringNodeViewModel,ToString,3595,OneOutputNodeViewModel,1,1,Dynamic,String,"[{""name"": ""input"", ""gate_class"": ""GateDynamicTypeData"", ""data_type"": ""Dynamic""}]","[{""name"": ""output"", ""gate_class"": ""GateStringData"", ""data_type"": ""String""}]"
Memory,ToTimeFormatNodeViewModel,ToTime,3599,OneOutputNodeViewModel,1,1,Number,String,"[{""name"": ""seconds"", ""gate_class"": ""GateNumberData"", ""data_type"": ""Number""}]","[{""name"": ""time"", ""gate_class"": ""GateStringData"", ""data_type"": ""String""}]"
Memory,TriggerNodeViewModel,Trigger,4102,OneOutputNodeViewModel,1,1,Number,Number,"[{""name"": ""input"", ""gate_class"": ""GateNumberData"", ""data_type"": ""Number""}]","[{""name"": ""output"", ""gate_class"": ""GateNumberData"", ""data_type"": ""Number""}]"
Trigonometry,TrimStringNodeViewModel,StringTrim,3594,OneOutputNodeViewModel,1,1,String,String,"[{""name"": ""input"", ""gate_class"": ""GateStringData"", ""data_type"": ""String""}]","[{""name"": ""output"", ""gate_class"": ""GateStringData"", ""data_type"": ""String""}]"
Trigonometry,UppercaseStringNodeViewModel,StringUppercase,3589,OneOutputNodeViewModel,1,1,String,String,"[{""name"": ""input"", ""gate_class"": ""GateStringData"", ""data_type"": ""String""}]","[{""name"": ""output"", ""gate_class"": ""GateStringData"", ""data_type"": ""String""}]"
Base,VariableNodeViewModel,Variable,768,OneOutputNodeViewModel,2,1,Dynamic|Number,Dynamic,"[{""name"": ""input"", ""gate_class"": ""GateDynamicTypeData"", ""data_type"": ""Dynamic""}, {""name"": ""writeInput"", ""gate_class"": ""GateNumberData"", ""data_type"": ""Number""}]","[{""name"": ""output"", ""gate_class"": ""GateDynamicTypeData"", ""data_type"": ""Dynamic""}]"
Base,VectorAngleBetweenNodeViewModel,VectorAngleBetween,1296,OneOutputNodeViewModel,2,1,Vector|Vector,Number,"[{""name"": ""input1"", ""gate_class"": ""GateVectorData"", ""data_type"": ""Vector""}, {""name"": ""input2"", ""gate_class"": ""GateVectorData"", ""data_type"": ""Vector""}]","[{""name"": ""output"", ""gate_class"": ""GateNumberData"", ""data_type"": ""Number""}]"
Base,VectorCrossProductNodeViewModel,VectorCross,1286,OneOutputNodeViewModel,2,1,Vector|Vector,Vector,"[{""name"": ""input1"", ""gate_class"": ""GateVectorData"", ""data_type"": ""Vector""}, {""name"": ""input2"", ""gate_class"": ""GateVectorData"", ""data_type"": ""Vector""}]","[{""name"": ""output"", ""gate_class"": ""GateVectorData"", ""data_type"": ""Vector""}]"
Base,VectorDotProductNodeViewModel,VectorDot,1288,OneOutputNodeViewModel,2,1,Vector|Vector,Number,"[{""name"": ""input1"", ""gate_class"": ""GateVectorData"", ""data_type"": ""Vector""}, {""name"": ""input2"", ""gate_class"": ""GateVectorData"", ""data_type"": ""Vector""}]","[{""name"": ""output"", ""gate_class"": ""GateNumberData"", ""data_type"": ""Number""}]"
Trigonometry,VectorHsvToRgbNodeViewModel,HsvToRgb,1298,OneOutputNodeViewModel,1,1,Vector,Vector,"[{""name"": ""input"", ""gate_class"": ""GateVectorData"", ""data_type"": ""Vector""}]","[{""name"": ""output"", ""gate_class"": ""GateVectorData"", ""data_type"": ""Vector""}]"
Trigonometry,VectorPositiveNodeViewModel,VectorPositive,1290,OneOutputNodeViewModel,1,1,Vector,Vector,"[{""name"": ""input"", ""gate_class"": ""GateVectorData"", ""data_type"": ""Vector""}]","[{""name"": ""output"", ""gate_class"": ""GateVectorData"", ""data_type"": ""Vector""}]"
Trigonometry,VectorRgbToHsvNodeViewModel,RgbToHsv,1297,OneOutputNodeViewModel,1,1,Vector,Vector,"[{""name"": ""input"", ""gate_class"": ""GateVectorData"", ""data_type"": ""Vector""}]","[{""name"": ""output"", ""gate_class"": ""GateVectorData"", ""data_type"": ""Vector""}]"
Base,VectorRotateNodeViewModel,VectorRotate,1292,OneOutputNodeViewModel,2,1,Vector|Number,Vector,"[{""name"": ""input1"", ""gate_class"": ""GateVectorData"", ""data_type"": ""Vector""}, {""name"": ""input2"", ""gate_class"": ""GateNumberData"", ""data_type"": ""Number""}]","[{""name"": ""output"", ""gate_class"": ""GateVectorData"", ""data_type"": ""Vector""}]"
Trigonometry,VectorShiftLeftNodeViewModel,VectorShiftLeft,1294,OneOutputNodeViewModel,1,1,Vector,Vector,"[{""name"": ""input"", ""gate_class"": ""GateVectorData"", ""data_type"": ""Vector""}]","[{""name"": ""output"", ""gate_class"": ""GateVectorData"", ""data_type"": ""Vector""}]"
Trigonometry,VectorShiftRightNodeViewModel,VectorShiftRight,1295,OneOutputNodeViewModel,1,1,Vector,Vector,"[{""name"": ""input"", ""gate_class"": ""GateVectorData"", ""data_type"": ""Vector""}]","[{""name"": ""output"", ""gate_class"": ""GateVectorData"", ""data_type"": ""Vector""}]"
Base,VelocityAtPositionEntityNodeViewModel,VelocityAtPosition,1560,OneOutputNodeViewModel,2,1,Entity|Vector,Vector,"[{""name"": ""input1"", ""gate_class"": ""GateEntityData"", ""data_type"": ""Entity""}, {""name"": ""input2"", ""gate_class"": ""GateVectorData"", ""data_type"": ""Vector""}]","[{""name"": ""output"", ""gate_class"": ""GateVectorData"", ""data_type"": ""Vector""}]"
Base,VelocityEntityNodeViewModel,Velocity,1538,OneOutputNodeViewModel,2,1,Entity|Vector,Vector,"[{""name"": ""input1"", ""gate_class"": ""GateEntityData"", ""data_type"": ""Entity""}, {""name"": ""input2"", ""gate_class"": ""GateVectorData"", ""data_type"": ""Vector""}]","[{""name"": ""output"", ""gate_class"": ""GateVectorData"", ""data_type"": ""Vector""}]"
Base,VoltageEntityNodeViewModel,,,OneOutputNodeViewModel,1,1,Entity,Number,"[{""name"": ""input"", ""gate_class"": ""GateEntityData"", ""data_type"": ""Entity""}]","[{""name"": ""output"", ""gate_class"": ""GateNumberData"", ""data_type"": ""Number""}]"
Base,WorldAngleToLocalEntityNodeViewModel,WorldAngleToLocal,1554,OneOutputNodeViewModel,2,1,Entity|Number,Number,"[{""name"": ""input1"", ""gate_class"": ""GateEntityData"", ""data_type"": ""Entity""}, {""name"": ""input2"", ""gate_class"": ""GateNumberData"", ""data_type"": ""Number""}]","[{""name"": ""output"", ""gate_class"": ""GateNumberData"", ""data_type"": ""Number""}]"
Base,WorldPositionToLocalEntityNodeViewModel,WorldPositionToLocal,1553,OneOutputNodeViewModel,2,1,Entity|Vector,Vector,"[{""name"": ""input1"", ""gate_class"": ""GateEntityData"", ""data_type"": ""Entity""}, {""name"": ""input2"", ""gate_class"": ""GateVectorData"", ""data_type"": ""Vector""}]","[{""name"": ""output"", ""gate_class"": ""GateVectorData"", ""data_type"": ""Vector""}]"
Base,XorNodeViewModel,Xor,2565,OneOutputNodeViewModel,2,1,Number|Number,Number,"[{""name"": ""input1"", ""gate_class"": ""GateNumberData"", ""data_type"": ""Number""}, {""name"": ""input2"", ""gate_class"": ""GateNumberData"", ""data_type"": ""Number""}]","[{""name"": ""output"", ""gate_class"": ""GateNumberData"", ""data_type"": ""Number""}]"
